{"cameraMode":{"drawMode":0,"name":"Shaded","section":"Shading Mode"},"sceneLighting":false,"audioPlay":false,"sceneViewState":{"showFog":true,"showMaterialUpdate":false,"showSkybox":true,"showFlares":true,"showImageEffects":true,"showParticleSystems":true},"in2DMode":false,"pivot":{"x":8.551324844360352,"y":242.037353515625,"z":509.5821533203125},"rotation":{"x":-0.07319723814725876,"y":-0.875536322593689,"z":0.14039570093154908,"w":-0.45647281408309939},"size":7.503960609436035,"orthographic":false}