{"cameraMode":{"drawMode":0,"name":"Shaded","section":"Shading Mode"},"sceneLighting":false,"audioPlay":false,"sceneViewState":{"showFog":true,"showMaterialUpdate":false,"showSkybox":true,"showFlares":true,"showImageEffects":true,"showParticleSystems":true},"in2DMode":false,"pivot":{"x":-164.93936157226563,"y":173.9058074951172,"z":-70.87364196777344},"rotation":{"x":-0.013035607524216175,"y":0.9843735098838806,"z":-0.08288256078958512,"w":-0.15482057631015778},"size":7.841635227203369,"orthographic":false}