{"cameraMode":{"drawMode":0,"name":"Shaded","section":"Shading Mode"},"sceneLighting":false,"audioPlay":false,"sceneViewState":{"showFog":true,"showMaterialUpdate":false,"showSkybox":true,"showFlares":true,"showImageEffects":true,"showParticleSystems":true},"in2DMode":false,"pivot":{"x":16.84901237487793,"y":3.672475814819336,"z":13.713045120239258},"rotation":{"x":0.026996562257409097,"y":0.002999011892825365,"z":-0.00008100466948235407,"w":0.9996310472488403},"size":30.799039840698243,"orthographic":false}