{"cameraMode":{"drawMode":0,"name":"Shaded","section":"Shading Mode"},"sceneLighting":false,"audioPlay":false,"sceneViewState":{"showFog":true,"showMaterialUpdate":false,"showSkybox":true,"showFlares":true,"showImageEffects":true,"showParticleSystems":true},"in2DMode":false,"pivot":{"x":1.5093982219696046,"y":2.5803520679473879,"z":4.053623676300049},"rotation":{"x":0.01079306099563837,"y":0.9747242331504822,"z":-0.04828832671046257,"w":0.21786367893218995},"size":3.665922164916992,"orthographic":false}