{"cameraMode":{"drawMode":0,"name":"Shaded","section":"Shading Mode"},"sceneLighting":false,"audioPlay":false,"sceneViewState":{"showFog":true,"showMaterialUpdate":false,"showSkybox":true,"showFlares":true,"showImageEffects":true,"showParticleSystems":true},"in2DMode":false,"pivot":{"x":1.619999885559082,"y":1.320000171661377,"z":1.9200000762939454},"rotation":{"x":0.01079306099563837,"y":0.9747242331504822,"z":-0.04828832671046257,"w":0.21786367893218995},"size":21.955177307128908,"orthographic":false}