{"cameraMode":{"drawMode":0,"name":"Shaded","section":"Shading Mode"},"sceneLighting":false,"audioPlay":false,"sceneViewState":{"showFog":true,"showMaterialUpdate":false,"showSkybox":true,"showFlares":true,"showImageEffects":true,"showParticleSystems":true},"in2DMode":false,"pivot":{"x":-0.8290996551513672,"y":0.04532387852668762,"z":2.37603759765625},"rotation":{"x":0.012897857464849949,"y":0.005999467335641384,"z":-0.00007738626300124452,"w":0.9998988509178162},"size":8.971883773803711,"orthographic":false}