{"cameraMode":{"drawMode":0,"name":"Shaded","section":"Shading Mode"},"sceneLighting":false,"audioPlay":false,"sceneViewState":{"showFog":true,"showMaterialUpdate":false,"showSkybox":true,"showFlares":true,"showImageEffects":true,"showParticleSystems":true},"in2DMode":false,"pivot":{"x":-1.458984375,"y":3.63665771484375,"z":4.17724609375},"rotation":{"x":0.009038054384291172,"y":-0.6577559113502502,"z":-0.0078934570774436,"w":-0.7531355619430542},"size":12.114965438842774,"orthographic":true}