{"cameraMode":{"drawMode":0,"name":"Shaded","section":"Shading Mode"},"sceneLighting":false,"audioPlay":false,"sceneViewState":{"showFog":true,"showMaterialUpdate":false,"showSkybox":true,"showFlares":true,"showImageEffects":true,"showParticleSystems":true},"in2DMode":false,"pivot":{"x":471.8221435546875,"y":4.114473819732666,"z":481.7897644042969},"rotation":{"x":0.07240509986877442,"y":0.29609769582748415,"z":-0.022516554221510888,"w":0.9521431922912598},"size":7.51940393447876,"orthographic":false}