{"cameraMode":{"drawMode":0,"name":"Shaded","section":"Shading Mode"},"sceneLighting":false,"audioPlay":false,"sceneViewState":{"showFog":true,"showMaterialUpdate":false,"showSkybox":true,"showFlares":true,"showImageEffects":true,"showParticleSystems":true},"in2DMode":false,"pivot":{"x":10.327468872070313,"y":5.15336799621582,"z":-0.3517090082168579},"rotation":{"x":0.036994606256484988,"y":-0.7082479596138,"z":0.037217237055301669,"w":0.7040107250213623},"size":32.122074127197269,"orthographic":false}