{"cameraMode":{"drawMode":0,"name":"Shaded","section":"Shading Mode"},"sceneLighting":false,"audioPlay":false,"sceneViewState":{"showFog":true,"showMaterialUpdate":false,"showSkybox":true,"showFlares":true,"showImageEffects":true,"showParticleSystems":true},"in2DMode":false,"pivot":{"x":13.618470191955567,"y":-4.51792573928833,"z":-26.012117385864259},"rotation":{"x":-0.044973406940698627,"y":0.02247530221939087,"z":0.0010120798833668233,"w":0.9987348318099976},"size":5.385786533355713,"orthographic":false}