{"cameraMode":{"drawMode":0,"name":"Shaded","section":"Shading Mode"},"sceneLighting":false,"audioPlay":false,"sceneViewState":{"showFog":true,"showMaterialUpdate":false,"showSkybox":true,"showFlares":true,"showImageEffects":true,"showParticleSystems":true},"in2DMode":false,"pivot":{"x":-96.02690887451172,"y":8.212000846862793,"z":410.502197265625},"rotation":{"x":-0.04942277818918228,"y":0.047922808676958087,"z":0.0023741167970001699,"w":0.9976248145103455},"size":20.326169967651368,"orthographic":false}