{"cameraMode":{"drawMode":0,"name":"Shaded","section":"Shading Mode"},"sceneLighting":false,"audioPlay":false,"sceneViewState":{"showFog":true,"showMaterialUpdate":false,"showSkybox":true,"showFlares":true,"showImageEffects":true,"showParticleSystems":true},"in2DMode":false,"pivot":{"x":0.599609375,"y":2.3217735290527345,"z":3.38671875},"rotation":{"x":-0.0014438399812206627,"y":-0.2710654139518738,"z":-0.0004066001274622977,"w":0.9625597596168518},"size":4.135245323181152,"orthographic":true}