{"cameraMode":{"drawMode":0,"name":"Shaded","section":"Shading Mode"},"sceneLighting":false,"audioPlay":false,"sceneViewState":{"showFog":true,"showMaterialUpdate":false,"showSkybox":true,"showFlares":true,"showImageEffects":true,"showParticleSystems":true},"in2DMode":false,"pivot":{"x":-5.294769287109375,"y":13.496582984924317,"z":-17.403217315673829},"rotation":{"x":0.032986678183078769,"y":-0.020987268537282945,"z":0.0006928411894477904,"w":0.999235212802887},"size":12.570748329162598,"orthographic":false}